{
"curbsArray": [
	{"id": 0, "poly": [[42.995451, -78.796640, 180.69], [42.995481, -78.796610, 180.90], [42.995548, -78.796718, 180.95], [42.995514, -78.796751, 180.95]]},
	{"id": 1, "poly": [[42.995555, -78.796820, 180.95], [42.995595, -78.796782, 181.16], [42.995658, -78.796893, 181.33], [42.995618, -78.796933, 181.14]]},
	{"id": 2, "poly": [[42.995662, -78.797004, 181.29], [42.995689, -78.796979, 181.29], [42.995754, -78.797083, 181.45], [42.995723, -78.797114, 181.27]]}
]
}  
